mode,fold,target,benchmark,subdir,instance_id,col_idx,weight
FIT-ALL,ALL,swebench,bfcl,live_irrelevance,live_irrelevance_293,1626,-0.00078481759103151
FIT-ALL,ALL,swebench,bfcl,non_live_simple_python,simple_python_395,4406,-0.0010199202808392697
FIT-ALL,ALL,swebench,ifeval,prompt_level_loose_acc,399,6511,0.0010757834621403022
FIT-ALL,ALL,swebench,ifeval,prompt_level_strict_acc,399,6861,0.0010757834621403011
FIT-ALL,ALL,swebench,livecodebench,codegeneration,764,11002,0.000797650335931695
FIT-ALL,ALL,swebench,planbench,task_2_plan_optimality,207,14902,-0.0001483684853033577
FIT-ALL,ALL,swebench,planbench,task_2_plan_optimality,213,14909,-0.00014836848530335738
FIT-ALL,ALL,swebench,planbench,task_2_plan_optimality,242,14941,0.000797650335931695
FIT-ALL,ALL,swebench,planbench,task_5_plan_generalization,125,16132,-0.002197315380457554
FIT-ALL,ALL,swebench,planbench,task_7_plan_execution,335,16975,0.0010757834621403022
FIT-ALL,ALL,swebench,planbench,task_8_2_full_to_partial,53,18163,-0.00014836848530335768
FIT-ALL,ALL,swebench,planbench,task_8_3_partial_to_full,481,18638,-0.0001483684853033577
FIT-ALL,ALL,swebench,repobench,repobench_xff_python_codebleu,repobench_158,19640,-0.0002069762173180331
FIT-ALL,ALL,swebench,repobench,repobench_xff_python_edit_similarity,repobench_158,19946,3.828312597074398e-05
FIT-ALL,ALL,swebench,repobench,repobench_xfr_python_codebleu,repobench_241,20559,-0.00017831760449235756
FIT-ALL,ALL,swebench_multimodal,acp_gen,acp_app_gen,93,81,-0.0003794795916767002
FIT-ALL,ALL,swebench_multimodal,acp_gen,acp_nexta_gen,122,389,-0.0015138400093575662
FIT-ALL,ALL,swebench_multimodal,acp_gen,acp_prog_gen,27,530,0.0038719820977891253
FIT-ALL,ALL,swebench_multimodal,acp_gen,acp_val_gen,88,843,-0.0003794795916767166
FIT-ALL,ALL,swebench_multimodal,bfcl,agentic_memory_rec_sum,memory_rec_sum_45,1118,0.00157691897002911
FIT-ALL,ALL,swebench_multimodal,bfcl,multi_turn_miss_func,multi_turn_miss_func_168,3227,0.001654766175073132
FIT-ALL,ALL,swebench_multimodal,bfcl,non_live_simple_javascript,simple_javascript_42,4254,-0.035069342949831425
FIT-ALL,ALL,swebench_multimodal,debugbench,,python3_faulty indexing_decode-the-slanted-ciphertext,4569,0.0015769189700291185
FIT-ALL,ALL,swebench_multimodal,lifbench,list-blur_offset_query_element,9_4_6,7794,0.0012085616796721449
FIT-ALL,ALL,swebench_multimodal,lifbench,list-blur_offset_query_id,4_4_6,8010,0.006447347375125296
FIT-ALL,ALL,swebench_multimodal,lifbench,list-blur_offset_query_id,6_0_3,8057,0.0011419096739511303
FIT-ALL,ALL,swebench_multimodal,lifbench,list-offset_query_element,0_1_6,8358,-0.00480372676277005
FIT-ALL,ALL,swebench_multimodal,lifbench,list-offset_query_element,10_3_6,8406,-0.004669227443444608
FIT-ALL,ALL,swebench_multimodal,lifbench,list-offset_query_element,3_1_3,8537,-0.004094303165926885
FIT-ALL,ALL,swebench_multimodal,lifbench,list-offset_query_element,7_3_6,8694,-0.0016997717971843627
FIT-ALL,ALL,swebench_multimodal,lifbench,list-offset_query_id,1_3_3,8909,0.008840932784095104
FIT-ALL,ALL,swebench_multimodal,lifbench,list-single_query_id,0_2_13,9225,0.010797331345801004
FIT-ALL,ALL,swebench_multimodal,lifbench,list-single_query_id,2_0_6,9288,-0.003795741811851321
FIT-ALL,ALL,swebench_multimodal,lifbench,list-single_query_id,2_1_6,9294,0.005549195644444564
FIT-ALL,ALL,swebench_multimodal,lifbench,list-single_query_id,2_2_13,9297,0.005549195644444564
FIT-ALL,ALL,swebench_multimodal,lifbench,list-single_query_id,4_3_3,9377,0.007913941343121306
FIT-ALL,ALL,swebench_multimodal,lifbench,onedoc-repeat,0_0_3,10025,-0.005675632298626854
FIT-ALL,ALL,swebench_multimodal,lifbench,onedoc-repeat,0_1_28,10030,-0.0049846276425958656
FIT-ALL,ALL,swebench_multimodal,lifbench,onedoc-repeat,0_2_3,10037,-0.0037859913738579
FIT-ALL,ALL,swebench_multimodal,lifbench,onedoc-repeat,2_2_3,10097,-2.5195883167757678e-06
FIT-ALL,ALL,swebench_multimodal,lifbench,onedoc-repeat,4_4_3,10169,-0.016319549564209886
FIT-ALL,ALL,swebench_multimodal,livecodebench,codegeneration,974,11194,0.001654766175073134
FIT-ALL,ALL,swebench_multimodal,planbench,task_1_plan_generation,102,14286,0.0019155835360832277
FIT-ALL,ALL,swebench_multimodal,planbench,task_1_plan_generation,143,14331,0.003871982097789122
FIT-ALL,ALL,swebench_multimodal,planbench,task_1_plan_generation,267,14468,0.002789126592754019
FIT-ALL,ALL,swebench_multimodal,planbench,task_1_plan_generation,333,14542,0.003871982097789122
FIT-ALL,ALL,swebench_multimodal,planbench,task_1_plan_generation,395,14610,0.0015769189700292055
FIT-ALL,ALL,swebench_multimodal,planbench,task_1_plan_generation,408,14625,0.002789126592754019
FIT-ALL,ALL,swebench_multimodal,planbench,task_1_plan_generation,420,14639,0.003871982097789122
FIT-ALL,ALL,swebench_multimodal,planbench,task_1_plan_generation,475,14699,0.0019155835360832277
FIT-ALL,ALL,swebench_multimodal,planbench,task_2_plan_optimality,176,14867,0.0015769189700292055
FIT-ALL,ALL,swebench_multimodal,planbench,task_2_plan_optimality,189,14881,0.0019155835360832277
FIT-ALL,ALL,swebench_multimodal,planbench,task_2_plan_optimality,412,15130,0.0004940634649941017
FIT-ALL,ALL,swebench_multimodal,planbench,task_2_plan_optimality,481,15206,0.001654766175073134
FIT-ALL,ALL,swebench_multimodal,planbench,task_2_plan_optimality,7,15249,-0.00037947959167668833
FIT-ALL,ALL,swebench_multimodal,planbench,task_2_plan_optimality,73,15253,0.0015769189700292055
FIT-ALL,ALL,swebench_multimodal,planbench,task_4_plan_reuse,128,15636,0.0004940634649941017
FIT-ALL,ALL,swebench_multimodal,planbench,task_4_plan_reuse,156,15667,0.002789126592754019
FIT-ALL,ALL,swebench_multimodal,planbench,task_4_plan_reuse,286,15811,0.0004940634649941017
FIT-ALL,ALL,swebench_multimodal,planbench,task_4_plan_reuse,329,15859,0.0004940634649941017
FIT-ALL,ALL,swebench_multimodal,planbench,task_4_plan_reuse,400,15939,0.002789126592754019
FIT-ALL,ALL,swebench_multimodal,planbench,task_4_plan_reuse,87,16090,0.002789126592754019
FIT-ALL,ALL,swebench_multimodal,planbench,task_7_plan_execution,367,17010,0.0007812231184023441
FIT-ALL,ALL,swebench_multimodal,planbench,task_8_1_goal_shuffling,375,17520,0.0007812231184023441
FIT-ALL,ALL,swebench_multimodal,repobench,repobench_if_python_codebleu,repobench_44,18969,0.009527434446121707
FIT-ALL,ALL,swebench_multimodal,repobench,repobench_if_python_edit_similarity,repobench_19,19131,0.0083173642499744
FIT-ALL,ALL,swebench_multimodal,repobench,repobench_if_python_edit_similarity,repobench_44,19287,0.00024156875305998552
FIT-ALL,ALL,swebench_multimodal,repobench,repobench_xff_python_codebleu,repobench_105,19583,-0.00784754388372618
FIT-ALL,ALL,swebench_multimodal,repobench,repobench_xff_python_codebleu,repobench_13,19610,0.0063110273495651965
FIT-ALL,ALL,swebench_multimodal,repobench,repobench_xff_python_codebleu,repobench_229,19719,0.0004822894047726907
FIT-ALL,ALL,swebench_multimodal,repobench,repobench_xff_python_codebleu,repobench_252,19741,0.002894868346990548
FIT-ALL,ALL,swebench_multimodal,repobench,repobench_xff_python_codebleu,repobench_290,19783,0.00593364976552835
FIT-ALL,ALL,swebench_multimodal,repobench,repobench_xff_python_edit_similarity,repobench_257,20056,0.005091870030757524
FIT-ALL,ALL,swebench_multimodal,repobench,repobench_xff_python_edit_similarity,repobench_290,20093,-0.017015873319350557
FIT-ALL,ALL,swebench_multimodal,repobench,repobench_xff_python_edit_similarity,repobench_303,20108,-0.0005580560112326597
FIT-ALL,ALL,swebench_multimodal,repobench,repobench_xfr_python_codebleu,repobench_211,20527,-0.0007787274695199783
FIT-ALL,ALL,swebench_multimodal,repobench,repobench_xfr_python_codebleu,repobench_264,20584,-0.0005210758235731824
FIT-ALL,ALL,swebench_multimodal,repobench,repobench_xfr_python_codebleu,repobench_291,20614,-0.005819407341192466
FIT-ALL,ALL,swebench_multimodal,repobench,repobench_xfr_python_codebleu,repobench_298,20620,-0.010809404156998334
FIT-ALL,ALL,swebench_multimodal,repobench,repobench_xfr_python_edit_similarity,repobench_145,20758,0.008821512957339149
FIT-ALL,ALL,swebench_multimodal,repobench,repobench_xfr_python_edit_similarity,repobench_154,20768,0.01590499738558979
FIT-ALL,ALL,swebench_multimodal,repobench,repobench_xfr_python_edit_similarity,repobench_236,20859,0.004377002685946959
FIT-ALL,ALL,swebench_multimodal,repobench,repobench_xfr_python_edit_similarity,repobench_290,20919,-0.00012353784025811488
FIT-ALL,ALL,swebench_multimodal,repobench,repobench_xfr_python_exact_match,repobench_291,21162,0.001654766175073134
FIT-ALL,ALL,swtbench,planbench,task_5_plan_generalization,106,16111,-0.0013643796311917176
FIT-ALL,ALL,swtbench,planbench,task_5_plan_generalization,107,16112,-0.0013643796311917818
FIT-ALL,ALL,swtbench,planbench,task_5_plan_generalization,12,16126,-0.0013643796311917649
FIT-ALL,ALL,swtbench,planbench,task_5_plan_generalization,121,16128,-0.0013643796311917714
FIT-ALL,ALL,swtbench,planbench,task_5_plan_generalization,13,16137,-0.0013643796311917607
FIT-ALL,ALL,swtbench,planbench,task_5_plan_generalization,171,16183,-0.0013643796311917607
FIT-ALL,ALL,swtbench,planbench,task_5_plan_generalization,175,16187,-0.0013643796311917603
FIT-ALL,ALL,swtbench,planbench,task_5_plan_generalization,184,16197,-0.0013643796311917603
FIT-ALL,ALL,swtbench,planbench,task_5_plan_generalization,19,16203,-0.0013643796311917603
FIT-ALL,ALL,swtbench,planbench,task_5_plan_generalization,190,16204,-0.0013643796311917603
FIT-ALL,ALL,swtbench,planbench,task_5_plan_generalization,20,16215,-0.0013643796311917603
FIT-ALL,ALL,swtbench,planbench,task_5_plan_generalization,208,16224,-0.0013643796311917603
FIT-ALL,ALL,swtbench,planbench,task_5_plan_generalization,211,16228,-0.0013643796311917603
FIT-ALL,ALL,swtbench,planbench,task_5_plan_generalization,218,16235,-0.0013643796311917603
FIT-ALL,ALL,swtbench,planbench,task_5_plan_generalization,222,16240,-0.0013643796311917603
FIT-ALL,ALL,swtbench,planbench,task_5_plan_generalization,223,16241,-0.0013643796311917603
FIT-ALL,ALL,swtbench,planbench,task_5_plan_generalization,259,16280,-0.0013643796311917603
FIT-ALL,ALL,swtbench,planbench,task_5_plan_generalization,264,16286,-0.0013643796311917603
FIT-ALL,ALL,swtbench,planbench,task_5_plan_generalization,266,16288,-0.0013643796311917603
FIT-ALL,ALL,swtbench,planbench,task_5_plan_generalization,268,16290,-0.0013643796311917603
FIT-ALL,ALL,swtbench,planbench,task_5_plan_generalization,271,16294,-0.0013643796311917603
FIT-ALL,ALL,swtbench,planbench,task_5_plan_generalization,277,16300,-0.0013643796311917603
FIT-ALL,ALL,swtbench,planbench,task_5_plan_generalization,294,16319,-0.0013643796311917603
FIT-ALL,ALL,swtbench,planbench,task_5_plan_generalization,296,16321,-0.0013643796311917603
FIT-ALL,ALL,swtbench,planbench,task_5_plan_generalization,298,16323,-0.0013643796311917603
FIT-ALL,ALL,swtbench,planbench,task_5_plan_generalization,300,16327,-0.0013643796311917603
FIT-ALL,ALL,swtbench,planbench,task_5_plan_generalization,311,16339,-0.0013643796311917603
FIT-ALL,ALL,swtbench,planbench,task_5_plan_generalization,317,16345,-0.0013643796311917603
FIT-ALL,ALL,swtbench,planbench,task_5_plan_generalization,340,16371,-0.0013643796311917603
FIT-ALL,ALL,swtbench,planbench,task_5_plan_generalization,343,16374,-0.0013643796311917603
FIT-ALL,ALL,swtbench,planbench,task_5_plan_generalization,366,16399,-0.0013643796311917603
FIT-ALL,ALL,swtbench,planbench,task_5_plan_generalization,41,16448,-0.0013643796311917603
FIT-ALL,ALL,swtbench,planbench,task_5_plan_generalization,410,16449,-0.0013643796311917603
FIT-ALL,ALL,swtbench,planbench,task_5_plan_generalization,415,16454,-0.0013643796311917603
FIT-ALL,ALL,swtbench,planbench,task_5_plan_generalization,424,16464,-0.0013643796311917603
FIT-ALL,ALL,swtbench,planbench,task_5_plan_generalization,43,16470,-0.0013643796311917603
FIT-ALL,ALL,swtbench,planbench,task_5_plan_generalization,470,16515,-0.0013643796311917603
FIT-ALL,ALL,swtbench,planbench,task_5_plan_generalization,476,16521,-0.0013643796311917603
FIT-ALL,ALL,swtbench,planbench,task_5_plan_generalization,477,16522,-0.0013643796311917603
FIT-ALL,ALL,swtbench,planbench,task_5_plan_generalization,483,16529,-0.0013643796311917603
FIT-ALL,ALL,swtbench,planbench,task_5_plan_generalization,487,16533,-0.0013643796311917603
FIT-ALL,ALL,swtbench,planbench,task_5_plan_generalization,49,16536,-0.0013643796311917603
FIT-ALL,ALL,swtbench,planbench,task_5_plan_generalization,499,16546,-0.0013643796311917603
FIT-ALL,ALL,swtbench,planbench,task_5_plan_generalization,51,16551,-0.0013643796311917603
FIT-ALL,ALL,swtbench,planbench,task_5_plan_generalization,53,16553,-0.0013643796311917603
FIT-ALL,ALL,swtbench,planbench,task_5_plan_generalization,60,16561,-0.0013643796311917603
FIT-ALL,ALL,swtbench,planbench,task_5_plan_generalization,64,16565,-0.0013643796311917603
FIT-ALL,ALL,swtbench,planbench,task_5_plan_generalization,67,16568,-0.0013643796311917603
FIT-ALL,ALL,swtbench,planbench,task_5_plan_generalization,7,16571,-0.0013643796311917603
FIT-ALL,ALL,swtbench,planbench,task_5_plan_generalization,75,16577,-0.0013643796311917603
FIT-ALL,ALL,swtbench,planbench,task_5_plan_generalization,8,16582,-0.0013643796311917603
FIT-ALL,ALL,swtbench,planbench,task_5_plan_generalization,91,16595,-0.0013643796311917603
FIT-ALL,ALL,gaia,bfcl,live_multiple,live_multiple_113,2032,-0.03601031344656598
FIT-ALL,ALL,gaia,bfcl,live_multiple,live_multiple_171,2066,-0.003771698738029443
FIT-ALL,ALL,gaia,bfcl,live_multiple,live_multiple_190,2080,-0.021587782574642674
FIT-ALL,ALL,gaia,bfcl,live_multiple,live_multiple_488,2280,0.027927908918382045
FIT-ALL,ALL,gaia,bfcl,live_multiple,live_multiple_520,2303,0.03578324689700127
FIT-ALL,ALL,gaia,bfcl,live_multiple,live_multiple_979,2588,0.007852201158257438
FIT-ALL,ALL,gaia,bfcl,live_parallel_multiple,live_parallel_multiple_2,2622,-0.036010313446566015
FIT-ALL,ALL,gaia,bfcl,live_simple,live_simple_169,2693,-0.020071742386521638
FIT-ALL,ALL,gaia,bfcl,multi_turn_base,multi_turn_base_166,2862,-0.004944354695624493
FIT-ALL,ALL,gaia,bfcl,non_live_parallel_multiple,parallel_multiple_89,4156,-0.004944354695624493
FIT-ALL,ALL,gaia,bfcl,non_live_simple_python,simple_python_395,4406,-0.03286829824040357
FIT-ALL,ALL,gaia,debugbench,,python3_faulty indexing_number-of-ways-of-cutting-a-pizza,4602,3.965373602964938e-06
FIT-ALL,ALL,gaia,ifeval,inst_level_loose_acc,125,5624,0.007852201158257438
FIT-ALL,ALL,gaia,ifeval,inst_level_loose_acc,127,5625,0.007852201158257438
FIT-ALL,ALL,gaia,ifeval,inst_level_loose_acc,168,5655,0.007852201158257438
FIT-ALL,ALL,gaia,ifeval,inst_level_loose_acc,233,5700,0.007852201158257438
FIT-ALL,ALL,gaia,ifeval,inst_level_loose_acc,362,5792,0.007852201158257438
FIT-ALL,ALL,gaia,ifeval,inst_level_loose_acc,375,5800,0.007852201158257438
FIT-ALL,ALL,gaia,ifeval,inst_level_loose_acc,479,5875,0.007852201158257438
FIT-ALL,ALL,gaia,ifeval,inst_level_strict_acc,125,5968,0.007852201158257438
FIT-ALL,ALL,gaia,ifeval,inst_level_strict_acc,127,5970,0.007852201158257438
FIT-ALL,ALL,gaia,ifeval,inst_level_strict_acc,168,6001,0.007852201158257438
FIT-ALL,ALL,gaia,ifeval,inst_level_strict_acc,233,6048,0.007852201158257438
FIT-ALL,ALL,gaia,ifeval,inst_level_strict_acc,362,6144,0.007852201158257438
FIT-ALL,ALL,gaia,ifeval,inst_level_strict_acc,375,6152,0.007852201158257438
FIT-ALL,ALL,gaia,ifeval,prompt_level_loose_acc,125,6317,0.007852201158257438
FIT-ALL,ALL,gaia,ifeval,prompt_level_loose_acc,127,6318,0.007852201158257438
FIT-ALL,ALL,gaia,ifeval,prompt_level_loose_acc,168,6348,0.007852201158257438
FIT-ALL,ALL,gaia,ifeval,prompt_level_loose_acc,233,6393,0.007852201158257438
FIT-ALL,ALL,gaia,ifeval,prompt_level_loose_acc,362,6485,0.007852201158257438
FIT-ALL,ALL,gaia,ifeval,prompt_level_loose_acc,375,6493,0.007852201158257438
FIT-ALL,ALL,gaia,ifeval,prompt_level_loose_acc,479,6568,0.007852201158257438
FIT-ALL,ALL,gaia,ifeval,prompt_level_strict_acc,125,6660,0.007852201158257438
FIT-ALL,ALL,gaia,ifeval,prompt_level_strict_acc,127,6662,0.007852201158257438
FIT-ALL,ALL,gaia,ifeval,prompt_level_strict_acc,168,6693,0.007852201158257438
FIT-ALL,ALL,gaia,ifeval,prompt_level_strict_acc,233,6740,0.007852201158257438
FIT-ALL,ALL,gaia,ifeval,prompt_level_strict_acc,362,6835,0.007852201158257438
FIT-ALL,ALL,gaia,ifeval,prompt_level_strict_acc,375,6843,0.007852201158257438
FIT-ALL,ALL,gaia,livecodebench,selfrepair,978,12055,-0.020071742386521638
FIT-ALL,ALL,gaia,livecodebench,selfrepair,984,12060,-0.020071742386521638
FIT-ALL,ALL,gaia,logiqa,,29_strict-match,12665,-0.020071742386521638
FIT-ALL,ALL,gaia,logiqa,,363_strict-match,12763,-0.020071742386521638
FIT-ALL,ALL,gaia,logiqa,,83_strict-match,13234,-0.020071742386521638
FIT-ALL,ALL,gaia,planbench,task_7_plan_execution,144,16763,0.013052678013933122
FIT-ALL,ALL,gaia,planbench,task_7_plan_execution,165,16786,-0.008159143442336437
FIT-ALL,ALL,gaia,planbench,task_7_plan_execution,176,16798,0.013052678013933122
FIT-ALL,ALL,gaia,planbench,task_7_plan_execution,2,16824,-0.008159143442336437
FIT-ALL,ALL,gaia,planbench,task_7_plan_execution,300,16937,-0.008159143442336437
FIT-ALL,ALL,gaia,planbench,task_7_plan_execution,31,16947,0.014570424069217013
FIT-ALL,ALL,gaia,planbench,task_7_plan_execution,354,16996,-0.008159143442336437
FIT-ALL,ALL,gaia,planbench,task_7_plan_execution,369,17012,-0.008159143442336437
FIT-ALL,ALL,gaia,planbench,task_7_plan_execution,375,17019,0.013052678013933122
FIT-ALL,ALL,gaia,planbench,task_7_plan_execution,383,17028,-0.008159143442336437
FIT-ALL,ALL,gaia,planbench,task_7_plan_execution,388,17033,0.013052678013933122
FIT-ALL,ALL,gaia,planbench,task_7_plan_execution,41,17058,0.0029465241729301444
FIT-ALL,ALL,gaia,planbench,task_7_plan_execution,412,17061,-0.008159143442336437
FIT-ALL,ALL,gaia,planbench,task_7_plan_execution,416,17065,0.013052678013933122
FIT-ALL,ALL,gaia,planbench,task_7_plan_execution,44,17091,0.013052678013933122
FIT-ALL,ALL,gaia,planbench,task_7_plan_execution,484,17140,-0.008159143442336437
FIT-ALL,ALL,gaia,planbench,task_7_plan_execution,55,17165,0.0029465241729301444
FIT-ALL,ALL,gaia,planbench,task_7_plan_execution,86,17199,0.0021466925133463636
FIT-ALL,ALL,gaia,planbench,task_7_plan_execution,91,17205,0.0021466925133463636
FIT-ALL,ALL,gaia,planbench,task_8_1_goal_shuffling,320,17460,0.013052678013933122
FIT-ALL,ALL,gaia,planbench,task_8_1_goal_shuffling,325,17465,0.013052678013933122
FIT-ALL,ALL,gaia,planbench,task_8_1_goal_shuffling,341,17483,0.013052678013933122
FIT-ALL,ALL,gaia,planbench,task_8_1_goal_shuffling,344,17486,0.013052678013933122
FIT-ALL,ALL,gaia,planbench,task_8_1_goal_shuffling,440,17593,0.013052678013933122
FIT-ALL,ALL,gaia,planbench,task_8_1_goal_shuffling,470,17626,0.013052678013933122
FIT-ALL,ALL,gaia,planbench,task_8_2_full_to_partial,211,17839,0.0021466925133463636
FIT-ALL,ALL,gaia,planbench,task_8_2_full_to_partial,224,17853,0.013052678013933122
FIT-ALL,ALL,gaia,planbench,task_8_2_full_to_partial,274,17908,0.013052678013933122
FIT-ALL,ALL,gaia,planbench,task_8_2_full_to_partial,352,17995,0.0021466925133463636
FIT-ALL,ALL,gaia,planbench,task_8_2_full_to_partial,373,18018,-0.008159143442336434
FIT-ALL,ALL,gaia,planbench,task_8_2_full_to_partial,394,18041,0.0021466925133463636
FIT-ALL,ALL,gaia,planbench,task_8_3_partial_to_full,20,18326,0.013052678013933122
FIT-ALL,ALL,gaia,planbench,task_8_3_partial_to_full,225,18354,-0.008159143442336434
FIT-ALL,ALL,gaia,planbench,task_8_3_partial_to_full,399,18546,0.0021466925133463636
FIT-ALL,ALL,gaia,planbench,task_8_3_partial_to_full,415,18565,0.0021466925133463636
FIT-ALL,ALL,gaia,planbench,task_8_3_partial_to_full,448,18601,0.0021466925133463636
FIT-ALL,ALL,gaia,planbench,task_8_3_partial_to_full,500,18660,0.013052678013933122
FIT-ALL,ALL,swebench,acp_gen,acp_app_gen,91,79,0.007493510063023465
FIT-ALL,ALL,swebench,acp_gen,acp_val_gen,4,790,0.007493510063023482
FIT-ALL,ALL,swebench,bfcl,agentic_web_search_no_snippet,web_search_no_snippet_72,1488,0.003489143064483257
FIT-ALL,ALL,swebench,bfcl,live_multiple,live_multiple_190,2080,-0.0064073729958930474
FIT-ALL,ALL,swebench,bfcl,live_multiple,live_multiple_488,2280,-0.008310934464640686
FIT-ALL,ALL,swebench,bfcl,live_multiple,live_multiple_520,2303,-0.01917766648517605
FIT-ALL,ALL,swebench,bfcl,live_simple,live_simple_67,2768,0.005592219117241977
FIT-ALL,ALL,swebench,bfcl,multi_turn_base,multi_turn_base_133,2827,-0.00032975642600430253
FIT-ALL,ALL,swebench,bfcl,multi_turn_base,multi_turn_base_76,2952,0.005392704533230899
FIT-ALL,ALL,swebench,bfcl,multi_turn_long_context,multi_turn_long_context_76,3130,0.005392704533230899
FIT-ALL,ALL,swebench,bfcl,non_live_simple_java,simple_java_26,4175,-0.010553529032927025
FIT-ALL,ALL,swebench,bfcl,non_live_simple_python,simple_python_145,4280,0.005592219117241976
FIT-ALL,ALL,swebench,debugbench,,python3_double_frog-position-after-t-seconds,4511,0.009160551608012489
FIT-ALL,ALL,swebench,ifeval,inst_level_strict_acc,217,6036,-0.00032975642600430253
FIT-ALL,ALL,swebench,ifeval,prompt_level_strict_acc,217,6728,-0.00032975642600430253
FIT-ALL,ALL,swebench,ifeval,prompt_level_strict_acc,472,6912,-0.002931598340197435
FIT-ALL,ALL,swebench,livecodebench,codeexecution,52,10340,0.017837164777236472
FIT-ALL,ALL,swebench,logiqa,,255_flexible-extract,12600,-0.0003297564260043024
FIT-ALL,ALL,swebench,logiqa,,255_strict-match,12601,-0.0003297564260043024
FIT-ALL,ALL,swebench,repobench,repobench_xff_python_exact_match,repobench_188,20255,-0.006576717992830849
FIT-ALL,ALL,swebench_multimodal,acp_gen,acp_prog_gen,27,530,0.00177203126447868
FIT-ALL,ALL,swebench_multimodal,bfcl,live_multiple,live_multiple_1043,2020,0.005680238382039486
FIT-ALL,ALL,swebench_multimodal,bfcl,live_relevance,live_relevance_12,2633,0.0006029261298160169
FIT-ALL,ALL,swebench_multimodal,bfcl,multi_turn_miss_param,multi_turn_miss_param_13,3367,-0.0020434940305586787
FIT-ALL,ALL,swebench_multimodal,bfcl,non_live_parallel,parallel_105,3818,0.003514112592401229
FIT-ALL,ALL,swebench_multimodal,bfcl,non_live_simple_javascript,simple_javascript_42,4254,-0.0034820148059414757
FIT-ALL,ALL,swebench_multimodal,logiqa,,62_flexible-extract,13167,-0.001686418742673168
FIT-ALL,ALL,swebench_multimodal,logiqa,,62_strict-match,13168,-0.001686418742673168
FIT-ALL,ALL,swebench_multimodal,planbench,task_1_plan_generation,143,14331,0.00177203126447868
FIT-ALL,ALL,swebench_multimodal,planbench,task_1_plan_generation,333,14542,0.00177203126447868
FIT-ALL,ALL,swebench_multimodal,planbench,task_1_plan_generation,420,14639,0.00177203126447868
FIT-ALL,ALL,swtbench,planbench,task_5_plan_generalization,239,16258,-0.005560131477184841
FIT-ALL,ALL,swtbench,planbench,task_5_plan_generalization,323,16352,-0.005560131477184841
FIT-ALL,ALL,swtbench,planbench,task_5_plan_generalization,457,16500,-0.005560131477184841
FIT-ALL,ALL,swtbench,planbench,task_5_plan_generalization,47,16514,-0.005560131477184841
FIT-ALL,ALL,swtbench,planbench,task_5_plan_generalization,51,16551,-0.005560131477184841
FIT-ALL,ALL,swtbench,planbench,task_5_plan_generalization,53,16553,-0.005560131477184841
FIT-ALL,ALL,swtbench,planbench,task_5_plan_generalization,60,16561,-0.005560131477184841
FIT-ALL,ALL,swtbench,planbench,task_5_plan_generalization,64,16565,-0.005560131477184841
FIT-ALL,ALL,swtbench,planbench,task_5_plan_generalization,67,16568,-0.005560131477184841
FIT-ALL,ALL,swtbench,planbench,task_5_plan_generalization,7,16571,-0.005560131477184841
FIT-ALL,ALL,swtbench,planbench,task_5_plan_generalization,75,16577,-0.005560131477184841
