id,score,metric_name
125,0.0,llm_correct
106,0.0,llm_correct
107,0.0,llm_correct
12,0.0,llm_correct
121,0.0,llm_correct
13,0.0,llm_correct
171,0.0,llm_correct
175,0.0,llm_correct
184,0.0,llm_correct
19,0.0,llm_correct
190,0.0,llm_correct
20,0.0,llm_correct
208,0.0,llm_correct
211,0.0,llm_correct
218,0.0,llm_correct
222,0.0,llm_correct
223,0.0,llm_correct
259,0.0,llm_correct
264,0.0,llm_correct
266,0.0,llm_correct
268,0.0,llm_correct
271,0.0,llm_correct
277,0.0,llm_correct
294,0.0,llm_correct
296,0.0,llm_correct
298,0.0,llm_correct
300,0.0,llm_correct
311,0.0,llm_correct
317,0.0,llm_correct
340,0.0,llm_correct
343,0.0,llm_correct
366,0.0,llm_correct
41,0.0,llm_correct
410,0.0,llm_correct
415,0.0,llm_correct
424,0.0,llm_correct
43,0.0,llm_correct
470,0.0,llm_correct
476,0.0,llm_correct
477,0.0,llm_correct
483,0.0,llm_correct
487,0.0,llm_correct
49,0.0,llm_correct
499,0.0,llm_correct
51,0.0,llm_correct
53,0.0,llm_correct
60,0.0,llm_correct
64,0.0,llm_correct
67,0.0,llm_correct
7,0.0,llm_correct
75,0.0,llm_correct
8,0.0,llm_correct
91,0.0,llm_correct
239,0.0,llm_correct
323,0.0,llm_correct
457,0.0,llm_correct
47,0.0,llm_correct
